{"train_loss": [1.9251028229208553, 1.8673439516740686, 1.8686900699839872, 1.8571978947695564, 1.8362168845008402, 1.8382192008635576, 1.8303730487823486, 1.827967980328728], "val_loss": [13.28169534696473, 1.3991012279192607, 1.4006491290198433, 1.4158440017700196, 1.4021696276134914, 1.3853233615557352, 1.401551984945933, 1.4238636300298904], "train_accuracy": [56.765371008553714, 83.93205915178571, 84.70800054799471, 83.83517309148134, 84.23386416455298, 83.59151835158562, 80.57053484710917, 78.74965141784887], "val_accuracy": [34.92478918650794, 83.41068992701247, 83.41068992701247, 83.41068992701247, 83.41306379322563, 80.8508804563492, 79.24915187429139, 70.86462540745465], "learning_rate": [0.005, 0.005, 0.005, 0.005, 0.005, 0.005, 0.005, 0.005]}